{
  "data": [
    {
      "orientation": "v",
      "width": [0.95, 0.95, 0.95, 0.95, 0.949999999999999, 0.949999999999999, 0.949999999999999, 0.949999999999999, 0.949999999999999, 0.949999999999999, 0.949999999999999, 0.949999999999999, 0.949999999999999, 0.949999999999999, 0.949999999999999, 0.950000000000001, 0.950000000000003, 0.950000000000003, 0.950000000000003, 0.950000000000003, 0.950000000000003, 0.950000000000003, 0.950000000000003, 0.950000000000003, 0.950000000000003, 0.950000000000003, 0.950000000000003, 0.950000000000003, 0.950000000000003, 0.950000000000003, 0.950000000000003, 0.950000000000003, 0.950000000000003],
      "base": [0, 0, 0, 0, 0, 0, 0, 0, 0, 0, 0, 0, 0, 0, 0, 0, 0, 0, 0, 0, 0, 0, 0, 0, 0, 0, 0, 0, 0, 0, 0, 0, 0],
      "x": [1, 2, 3, 4, 5, 6, 7, 8, 9, 10, 11, 12, 13, 14, 15, 16, 17, 18, 19, 20, 21, 22, 23, 24, 25, 26, 27, 28, 29, 30, 31, 32, 33],
      "y": [0.410025706940874, 0.248714652956298, 0.22879177377892, 0.152956298200514, 0.126606683804627, 0.120179948586118, 0.113753213367609, 0.102185089974293, 0.0976863753213368, 0.096401028277635, 0.0829048843187661, 0.0758354755784062, 0.0681233933161954, 0.0629820051413882, 0.0629820051413882, 0.0623393316195373, 0.0604113110539846, 0.0462724935732648, 0.0404884318766067, 0.0347043701799486, 0.0340616966580977, 0.0295629820051414, 0.025706940874036, 0.0250642673521851, 0.0231362467866324, 0.0212082262210797, 0.0122107969151671, 0.006426735218509, 0.0057840616966581, 0.0051413881748072, 0.0044987146529563, 0.0044987146529563, 0.0012853470437018],
      "text": ["Category: Visualisation<br />Count: 638<br />Percent: 41", "Category: Dimensionality Reduction<br />Count: 387<br />Percent: 24.9", "Category: Clustering<br />Count: 356<br />Percent: 22.9", "Category: Integration<br />Count: 238<br />Percent: 15.3", "Category: Gene Networks<br />Count: 197<br />Percent: 12.7", "Category: Classification<br />Count: 187<br />Percent: 12", "Category: Ordering<br />Count: 177<br />Percent: 11.4", "Category: Quality Control<br />Count: 159<br />Percent: 10.2", "Category: Normalisation<br />Count: 152<br />Percent: 9.8", "Category: Differential Expression<br />Count: 150<br />Percent: 9.6", "Category: Marker Genes<br />Count: 129<br />Percent: 8.3", "Category: Gene Sets<br />Count: 118<br />Percent: 7.6", "Category: Interactive<br />Count: 106<br />Percent: 6.8", "Category: Imputation<br />Count: 98<br />Percent: 6.3", "Category: Variable Genes<br />Count: 98<br />Percent: 6.3", "Category: Quantification<br />Count: 97<br />Percent: 6.2", "Category: Simulation<br />Count: 94<br />Percent: 6", "Category: Variants<br />Count: 72<br />Percent: 4.6", "Category: Gene Filtering<br />Count: 63<br />Percent: 4", "Category: UMIs<br />Count: 54<br />Percent: 3.5", "Category: Alignment<br />Count: 53<br />Percent: 3.4", "Category: Expression Patterns<br />Count: 46<br />Percent: 3", "Category: Alternative Splicing<br />Count: 40<br />Percent: 2.6", "Category: Immune<br />Count: 39<br />Percent: 2.5", "Category: Perturbations<br />Count: 36<br />Percent: 2.3", "Category: Cell Cycle<br />Count: 33<br />Percent: 2.1", "Category: Rare Cells<br />Count: 19<br />Percent: 1.2", "Category: Assembly<br />Count: 10<br />Percent: 0.6", "Category: Transformation<br />Count: 9<br />Percent: 0.6", "Category: Stem Cells<br />Count: 8<br />Percent: 0.5", "Category: Allele Specific<br />Count: 7<br />Percent: 0.4", "Category: Modality<br />Count: 7<br />Percent: 0.4", "Category: Haplotypes<br />Count: 2<br />Percent: 0.1"],
      "type": "bar",
      "textposition": "none",
      "marker": {
        "autocolorscale": false,
        "color": "rgba(122,82,199,1)",
        "line": {
          "width": 1.88976377952756,
          "color": "transparent"
        }
      },
      "showlegend": false,
      "xaxis": "x",
      "yaxis": "y",
      "hoverinfo": "text",
      "frame": null
    }
  ],
  "layout": {
    "margin": {
      "t": 50,
      "r": 30,
      "b": 50,
      "l": 70
    },
    "font": {
      "color": "rgba(0,0,0,1)",
      "family": "",
      "size": 18.5969281859693
    },
    "xaxis": {
      "domain": [0, 1],
      "automargin": true,
      "type": "linear",
      "autorange": false,
      "range": [0.4, 33.6],
      "tickmode": "array",
      "ticktext": ["Visualisation", "Dimensionality Reduction", "Clustering", "Integration", "Gene Networks", "Classification", "Ordering", "Quality Control", "Normalisation", "Differential Expression", "Marker Genes", "Gene Sets", "Interactive", "Imputation", "Variable Genes", "Quantification", "Simulation", "Variants", "Gene Filtering", "UMIs", "Alignment", "Expression Patterns", "Alternative Splicing", "Immune", "Perturbations", "Cell Cycle", "Rare Cells", "Assembly", "Transformation", "Stem Cells", "Allele Specific", "Modality", "Haplotypes"],
      "tickvals": [1, 2, 3, 4, 5, 6, 7, 8, 9, 10, 11, 12, 13, 14, 15, 16, 17, 18, 19, 20, 21, 22, 23, 24, 25, 26, 27, 28, 29, 30, 31, 32, 33],
      "categoryorder": "array",
      "categoryarray": ["Visualisation", "Dimensionality Reduction", "Clustering", "Integration", "Gene Networks", "Classification", "Ordering", "Quality Control", "Normalisation", "Differential Expression", "Marker Genes", "Gene Sets", "Interactive", "Imputation", "Variable Genes", "Quantification", "Simulation", "Variants", "Gene Filtering", "UMIs", "Alignment", "Expression Patterns", "Alternative Splicing", "Immune", "Perturbations", "Cell Cycle", "Rare Cells", "Assembly", "Transformation", "Stem Cells", "Allele Specific", "Modality", "Haplotypes"],
      "nticks": null,
      "ticks": "outside",
      "tickcolor": "rgba(0,0,0,1)",
      "ticklen": 4.64923204649232,
      "tickwidth": 0.66417600664176,
      "showticklabels": true,
      "tickfont": {
        "color": "rgba(0,0,0,1)",
        "family": "",
        "size": 15.9402241594022
      },
      "tickangle": -60,
      "showline": true,
      "linecolor": "rgba(0,0,0,1)",
      "linewidth": 0.66417600664176,
      "showgrid": false,
      "gridcolor": null,
      "gridwidth": 0,
      "zeroline": false,
      "anchor": "y",
      "title": {
        "text": "",
        "font": {
          "color": null,
          "family": null,
          "size": 0
        }
      },
      "hoverformat": ".2f"
    },
    "yaxis": {
      "domain": [0, 1],
      "automargin": true,
      "type": "linear",
      "autorange": false,
      "range": [-0.0205012853470437, 0.430526992287918],
      "tickmode": "array",
      "ticktext": ["0%", "10%", "20%", "30%", "40%"],
      "tickvals": [0, 0.1, 0.2, 0.3, 0.4],
      "categoryorder": "array",
      "categoryarray": ["0%", "10%", "20%", "30%", "40%"],
      "nticks": null,
      "ticks": "outside",
      "tickcolor": "rgba(0,0,0,1)",
      "ticklen": 4.64923204649232,
      "tickwidth": 0.66417600664176,
      "showticklabels": true,
      "tickfont": {
        "color": "rgba(0,0,0,1)",
        "family": "",
        "size": 15.9402241594022
      },
      "tickangle": -0,
      "showline": true,
      "linecolor": "rgba(0,0,0,1)",
      "linewidth": 0.66417600664176,
      "showgrid": false,
      "gridcolor": null,
      "gridwidth": 0,
      "zeroline": false,
      "anchor": "x",
      "title": {
        "text": "Percentage of tools",
        "font": {
          "color": "rgba(0,0,0,1)",
          "family": "",
          "size": 18.5969281859693
        }
      },
      "hoverformat": ".2f"
    },
    "shapes": [
      {
        "type": "rect",
        "fillcolor": null,
        "line": {
          "color": null,
          "width": 0,
          "linetype": []
        },
        "yref": "paper",
        "xref": "paper",
        "x0": 0,
        "x1": 1,
        "y0": 0,
        "y1": 1
      }
    ],
    "showlegend": false,
    "legend": {
      "bgcolor": null,
      "bordercolor": null,
      "borderwidth": 0,
      "font": {
        "color": "rgba(0,0,0,1)",
        "family": "",
        "size": 15.9402241594022
      }
    },
    "hovermode": "closest",