{
  "data": [
    {
      "orientation": "v",
      "width": [0.95000000000000007, 0.95000000000000018, 0.95000000000000018, 0.94999999999999973, 0.94999999999999929, 0.94999999999999929, 0.94999999999999929, 0.94999999999999929, 0.94999999999999929, 0.94999999999999929, 0.94999999999999929, 0.94999999999999929, 0.94999999999999929, 0.94999999999999929, 0.94999999999999929, 0.95000000000000107, 0.95000000000000284, 0.95000000000000284, 0.95000000000000284, 0.95000000000000284, 0.95000000000000284, 0.95000000000000284, 0.95000000000000284, 0.95000000000000284, 0.95000000000000284, 0.95000000000000284, 0.95000000000000284, 0.95000000000000284, 0.95000000000000284, 0.95000000000000284, 0.95000000000000284, 0.95000000000000284, 0.95000000000000284],
      "base": [0, 0, 0, 0, 0, 0, 0, 0, 0, 0, 0, 0, 0, 0, 0, 0, 0, 0, 0, 0, 0, 0, 0, 0, 0, 0, 0, 0, 0, 0, 0, 0, 0],
      "x": [1, 2, 3, 4, 5, 6, 7, 8, 9, 10, 11, 12, 13, 14, 15, 16, 17, 18, 19, 20, 21, 22, 23, 24, 25, 26, 27, 28, 29, 30, 31, 32, 33],
      "y": [0.41150922909880566, 0.25135722041259501, 0.21661237785016288, 0.16232356134636264, 0.13083604777415853, 0.12052117263843648, 0.11074918566775244, 0.098805646036916397, 0.094462540716612378, 0.093376764386536373, 0.084147665580890332, 0.079804560260586313, 0.063517915309446255, 0.061889250814332247, 0.061346362649294245, 0.061346362649294245, 0.06026058631921824, 0.048317046688382194, 0.037459283387622153, 0.032573289902280131, 0.032573289902280131, 0.030944625407166124, 0.029858849077090119, 0.029315960912052116, 0.026058631921824105, 0.021172638436482084, 0.011400651465798045, 0.0065146579804560263, 0.0059717698154180239, 0.0054288816503800215, 0.0043431053203040176, 0.0043431053203040176, 0.0010857763300760044],
      "text": ["Category: Visualisation<br />Count: 758<br />Percent: 41.2", "Category: Dimensionality Reduction<br />Count: 463<br />Percent: 25.1", "Category: Clustering<br />Count: 399<br />Percent: 21.7", "Category: Integration<br />Count: 299<br />Percent: 16.2", "Category: Gene Networks<br />Count: 241<br />Percent: 13.1", "Category: Classification<br />Count: 222<br />Percent: 12.1", "Category: Ordering<br />Count: 204<br />Percent: 11.1", "Category: Quality Control<br />Count: 182<br />Percent: 9.9", "Category: Normalisation<br />Count: 174<br />Percent: 9.4", "Category: Differential Expression<br />Count: 172<br />Percent: 9.3", "Category: Marker Genes<br />Count: 155<br />Percent: 8.4", "Category: Gene Sets<br />Count: 147<br />Percent: 8", "Category: Interactive<br />Count: 117<br />Percent: 6.4", "Category: Variable Genes<br />Count: 114<br />Percent: 6.2", "Category: Imputation<br />Count: 113<br />Percent: 6.1", "Category: Quantification<br />Count: 113<br />Percent: 6.1", "Category: Simulation<br />Count: 111<br />Percent: 6", "Category: Variants<br />Count: 89<br />Percent: 4.8", "Category: Gene Filtering<br />Count: 69<br />Percent: 3.7", "Category: Alignment<br />Count: 60<br />Percent: 3.3", "Category: UMIs<br />Count: 60<br />Percent: 3.3", "Category: Expression Patterns<br />Count: 57<br />Percent: 3.1", "Category: Perturbations<br />Count: 55<br />Percent: 3", "Category: Immune<br />Count: 54<br />Percent: 2.9", "Category: Alternative Splicing<br />Count: 48<br />Percent: 2.6", "Category: Cell Cycle<br />Count: 39<br />Percent: 2.1", "Category: Rare Cells<br />Count: 21<br />Percent: 1.1", "Category: Transformation<br />Count: 12<br />Percent: 0.7", "Category: Assembly<br />Count: 11<br />Percent: 0.6", "Category: Stem Cells<br />Count: 10<br />Percent: 0.5", "Category: Allele Specific<br />Count: 8<br />Percent: 0.4", "Category: Modality<br />Count: 8<br />Percent: 0.4", "Category: Haplotypes<br />Count: 2<br />Percent: 0.1"],
      "type": "bar",
      "textposition": "none",
      "marker": {
        "autocolorscale": false,
        "color": "rgba(122,82,199,1)",
        "line": {
          "width": 1.8897637795275593,
          "color": "transparent"
        }
      },
      "showlegend": false,
      "xaxis": "x",
      "yaxis": "y",
      "hoverinfo": "text",
      "frame": null
    }
  ],
  "layout": {
    "margin": {
      "t": 50,
      "r": 30,
      "b": 50,
      "l": 70
    },
    "font": {
      "color": "rgba(0,0,0,1)",
      "family": "",
      "size": 18.596928185969286
    },
    "xaxis": {
      "domain": [0, 1],
      "automargin": true,
      "type": "linear",
      "autorange": false,
      "range": [0.40000000000000002, 33.600000000000001],
      "tickmode": "array",
      "ticktext": ["Visualisation", "Dimensionality Reduction", "Clustering", "Integration", "Gene Networks", "Classification", "Ordering", "Quality Control", "Normalisation", "Differential Expression", "Marker Genes", "Gene Sets", "Interactive", "Variable Genes", "Imputation", "Quantification", "Simulation", "Variants", "Gene Filtering", "Alignment", "UMIs", "Expression Patterns", "Perturbations", "Immune", "Alternative Splicing", "Cell Cycle", "Rare Cells", "Transformation", "Assembly", "Stem Cells", "Allele Specific", "Modality", "Haplotypes"],
      "tickvals": [1, 2, 3, 4, 5, 6, 7, 8, 9, 10, 11, 12, 13, 14, 15, 16, 17, 18, 19, 20, 21, 22, 23, 24, 25, 26, 27, 28, 29, 30, 31, 32, 33],
      "categoryorder": "array",
      "categoryarray": ["Visualisation", "Dimensionality Reduction", "Clustering", "Integration", "Gene Networks", "Classification", "Ordering", "Quality Control", "Normalisation", "Differential Expression", "Marker Genes", "Gene Sets", "Interactive", "Variable Genes", "Imputation", "Quantification", "Simulation", "Variants", "Gene Filtering", "Alignment", "UMIs", "Expression Patterns", "Perturbations", "Immune", "Alternative Splicing", "Cell Cycle", "Rare Cells", "Transformation", "Assembly", "Stem Cells", "Allele Specific", "Modality", "Haplotypes"],
      "nticks": null,
      "ticks": "outside",
      "tickcolor": "rgba(0,0,0,1)",
      "ticklen": 4.6492320464923216,
      "tickwidth": 0.66417600664176002,
      "showticklabels": true,
      "tickfont": {
        "color": "rgba(0,0,0,1)",
        "family": "",
        "size": 15.940224159402241
      },
      "tickangle": -60,
      "showline": true,
      "linecolor": "rgba(0,0,0,1)",
      "linewidth": 0.66417600664176002,
      "showgrid": false,
      "gridcolor": null,
      "gridwidth": 0,
      "zeroline": false,
      "anchor": "y",
      "title": {
        "text": "",
        "font": {
          "color": null,
          "family": null,
          "size": 0
        }
      },
      "hoverformat": ".2f"
    },
    "yaxis": {
      "domain": [0, 1],
      "automargin": true,
      "type": "linear",
      "autorange": false,
      "range": [-0.020575461454940283, 0.43208469055374593],
      "tickmode": "array",
      "ticktext": ["0%", "10%", "20%", "30%", "40%"],
      "tickvals": [0, 0.10000000000000001, 0.20000000000000001, 0.30000000000000004, 0.40000000000000002],
      "categoryorder": "array",
      "categoryarray": ["0%", "10%", "20%", "30%", "40%"],
      "nticks": null,
      "ticks": "outside",
      "tickcolor": "rgba(0,0,0,1)",
      "ticklen": 4.6492320464923216,
      "tickwidth": 0.66417600664176002,
      "showticklabels": true,
      "tickfont": {
        "color": "rgba(0,0,0,1)",
        "family": "",
        "size": 15.940224159402243
      },
      "tickangle": -0,
      "showline": true,
      "linecolor": "rgba(0,0,0,1)",
      "linewidth": 0.66417600664176002,
      "showgrid": false,
      "gridcolor": null,
      "gridwidth": 0,
      "zeroline": false,
      "anchor": "x",
      "title": {
        "text": "Percentage of tools",
        "font": {
          "color": "rgba(0,0,0,1)",
          "family": "",
          "size": 18.596928185969286
        }
      },
      "hoverformat": ".2f"
    },
    "shapes": [
      {
        "type": "rect",
        "fillcolor": null,
        "line": {
          "color": null,
          "width": 0,
          "linetype": []
        },
        "yref": "paper",
        "xref": "paper",