{
  "data": [
    {
      "orientation": "v",
      "width": [0.95, 0.95, 0.95, 0.95, 0.949999999999999, 0.949999999999999, 0.949999999999999, 0.949999999999999, 0.949999999999999, 0.949999999999999, 0.949999999999999, 0.949999999999999, 0.949999999999999, 0.949999999999999, 0.949999999999999, 0.950000000000001, 0.950000000000003, 0.950000000000003, 0.950000000000003, 0.950000000000003, 0.950000000000003, 0.950000000000003, 0.950000000000003, 0.950000000000003, 0.950000000000003, 0.950000000000003, 0.950000000000003, 0.950000000000003, 0.950000000000003, 0.950000000000003, 0.950000000000003, 0.950000000000003, 0.950000000000003],
      "base": [0, 0, 0, 0, 0, 0, 0, 0, 0, 0, 0, 0, 0, 0, 0, 0, 0, 0, 0, 0, 0, 0, 0, 0, 0, 0, 0, 0, 0, 0, 0, 0, 0],
      "x": [1, 2, 3, 4, 5, 6, 7, 8, 9, 10, 11, 12, 13, 14, 15, 16, 17, 18, 19, 20, 21, 22, 23, 24, 25, 26, 27, 28, 29, 30, 31, 32, 33],
      "y": [0.411824668705403, 0.252803261977574, 0.247706422018349, 0.136595310907238, 0.125382262996942, 0.115188583078491, 0.109072375127421, 0.109072375127421, 0.107033639143731, 0.102956167176351, 0.0876656472986748, 0.0856269113149847, 0.072375127420999, 0.0682976554536188, 0.0672782874617737, 0.0611620795107034, 0.0601427115188583, 0.0519877675840979, 0.0417940876656473, 0.0397553516819572, 0.0387359836901121, 0.0377166156982671, 0.0254841997961264, 0.0244648318042813, 0.0193679918450561, 0.0152905198776758, 0.0112130479102956, 0.00815494393476045, 0.00611620795107034, 0.00611620795107034, 0.00509683995922528, 0.00407747196738022, 0.00203873598369011],
      "text": ["Category: Visualisation<br />Count: 404<br />Percent: 41.2", "Category: Clustering<br />Count: 248<br />Percent: 25.3", "Category: Dimensionality Reduction<br />Count: 243<br />Percent: 24.8", "Category: Integration<br />Count: 134<br />Percent: 13.7", "Category: Ordering<br />Count: 123<br />Percent: 12.5", "Category: Differential Expression<br />Count: 113<br />Percent: 11.5", "Category: Classification<br />Count: 107<br />Percent: 10.9", "Category: Gene Networks<br />Count: 107<br />Percent: 10.9", "Category: Normalisation<br />Count: 105<br />Percent: 10.7", "Category: Quality Control<br />Count: 101<br />Percent: 10.3", "Category: Interactive<br />Count: 86<br />Percent: 8.8", "Category: Marker Genes<br />Count: 84<br />Percent: 8.6", "Category: Imputation<br />Count: 71<br />Percent: 7.2", "Category: Simulation<br />Count: 67<br />Percent: 6.8", "Category: Gene Sets<br />Count: 66<br />Percent: 6.7", "Category: Variable Genes<br />Count: 60<br />Percent: 6.1", "Category: Quantification<br />Count: 59<br />Percent: 6", "Category: Gene Filtering<br />Count: 51<br />Percent: 5.2", "Category: Variants<br />Count: 41<br />Percent: 4.2", "Category: UMIs<br />Count: 39<br />Percent: 4", "Category: Alignment<br />Count: 38<br />Percent: 3.9", "Category: Expression Patterns<br />Count: 37<br />Percent: 3.8", "Category: Alternative Splicing<br />Count: 25<br />Percent: 2.5", "Category: Cell Cycle<br />Count: 24<br />Percent: 2.4", "Category: Immune<br />Count: 19<br />Percent: 1.9", "Category: Perturbations<br />Count: 15<br />Percent: 1.5", "Category: Rare Cells<br />Count: 11<br />Percent: 1.1", "Category: Assembly<br />Count: 8<br />Percent: 0.8", "Category: Allele Specific<br />Count: 6<br />Percent: 0.6", "Category: Stem Cells<br />Count: 6<br />Percent: 0.6", "Category: Modality<br />Count: 5<br />Percent: 0.5", "Category: Transformation<br />Count: 4<br />Percent: 0.4", "Category: Haplotypes<br />Count: 2<br />Percent: 0.2"],
      "type": "bar",
      "marker": {
        "autocolorscale": false,
        "color": "rgba(122,82,199,1)",
        "line": {
          "width": 1.88976377952756,
          "color": "transparent"
        }
      },
      "showlegend": false,
      "xaxis": "x",
      "yaxis": "y",
      "hoverinfo": "text",
      "frame": null
    }
  ],
  "layout": {
    "margin": {
      "t": 50,
      "r": 30,
      "b": 50,
      "l": 70
    },
    "font": {
      "color": "rgba(0,0,0,1)",
      "family": "",
      "size": 18.5969281859693
    },
    "xaxis": {
      "domain": [0, 1],
      "automargin": true,
      "type": "linear",
      "autorange": false,
      "range": [0.4, 33.6],
      "tickmode": "array",
      "ticktext": ["Visualisation", "Clustering", "Dimensionality Reduction", "Integration", "Ordering", "Differential Expression", "Classification", "Gene Networks", "Normalisation", "Quality Control", "Interactive", "Marker Genes", "Imputation", "Simulation", "Gene Sets", "Variable Genes", "Quantification", "Gene Filtering", "Variants", "UMIs", "Alignment", "Expression Patterns", "Alternative Splicing", "Cell Cycle", "Immune", "Perturbations", "Rare Cells", "Assembly", "Allele Specific", "Stem Cells", "Modality", "Transformation", "Haplotypes"],
      "tickvals": [1, 2, 3, 4, 5, 6, 7, 8, 9, 10, 11, 12, 13, 14, 15, 16, 17, 18, 19, 20, 21, 22, 23, 24, 25, 26, 27, 28, 29, 30, 31, 32, 33],
      "categoryorder": "array",
      "categoryarray": ["Visualisation", "Clustering", "Dimensionality Reduction", "Integration", "Ordering", "Differential Expression", "Classification", "Gene Networks", "Normalisation", "Quality Control", "Interactive", "Marker Genes", "Imputation", "Simulation", "Gene Sets", "Variable Genes", "Quantification", "Gene Filtering", "Variants", "UMIs", "Alignment", "Expression Patterns", "Alternative Splicing", "Cell Cycle", "Immune", "Perturbations", "Rare Cells", "Assembly", "Allele Specific", "Stem Cells", "Modality", "Transformation", "Haplotypes"],
      "nticks": null,
      "ticks": "outside",
      "tickcolor": "rgba(0,0,0,1)",
      "ticklen": 4.64923204649232,
      "tickwidth": 0.66417600664176,
      "showticklabels": true,
      "tickfont": {
        "color": "rgba(0,0,0,1)",
        "family": "",
        "size": 15.9402241594022
      },
      "tickangle": -60,
      "showline": true,
      "linecolor": "rgba(0,0,0,1)",
      "linewidth": 0.66417600664176,
      "showgrid": false,
      "gridcolor": null,
      "gridwidth": 0,
      "zeroline": false,
      "anchor": "y",
      "title": {
        "text": "",
        "font": {
          "color": null,
          "family": null,
          "size": 0
        }
      },
      "hoverformat": ".2f"
    },
    "yaxis": {
      "domain": [0, 1],
      "automargin": true,
      "type": "linear",
      "autorange": false,
      "range": [-0.0205912334352701, 0.432415902140673],
      "tickmode": "array",
      "ticktext": ["0.0%", "10.0%", "20.0%", "30.0%", "40.0%"],
      "tickvals": [0, 0.1, 0.2, 0.3, 0.4],
      "categoryorder": "array",
      "categoryarray": ["0.0%", "10.0%", "20.0%", "30.0%", "40.0%"],
      "nticks": null,
      "ticks": "outside",
      "tickcolor": "rgba(0,0,0,1)",
      "ticklen": 4.64923204649232,
      "tickwidth": 0.66417600664176,
      "showticklabels": true,
      "tickfont": {
        "color": "rgba(0,0,0,1)",
        "family": "",
        "size": 15.9402241594022
      },
      "tickangle": -0,
      "showline": true,
      "linecolor": "rgba(0,0,0,1)",
      "linewidth": 0.66417600664176,
      "showgrid": false,
      "gridcolor": null,
      "gridwidth": 0,
      "zeroline": false,
      "anchor": "x",
      "title": {
        "text": "Percentage of tools",
        "font": {
          "color": "rgba(0,0,0,1)",
          "family": "",
          "size": 18.5969281859693
        }
      },
      "hoverformat": ".2f"
    },
    "shapes": [
      {
        "type": "rect",
        "fillcolor": null,
        "line": {
          "color": null,
          "width": 0,
          "linetype": []
        },
        "yref": "paper",
        "xref": "paper",
        "x0": 0,
        "x1": 1,
        "y0": 0,
        "y1": 1
      }
    ],
    "showlegend": false,
    "legend": {
      "bgcolor": null,
      "bordercolor": null,
      "borderwidth": 0,
      "font": {
        "color": "rgba(0,0,0,1)",
        "family": "",
        "size": 15.9402241594022
      }
    },
    "hovermode": "closest",